array_size,program_name,num_threads,min_parallel_size,thread_stack_size,time
100,serialMergeSort,1,0,0,11194.0
100,parallelMergeSort,8,50,1048576,188670.2
100,openmpMergeSort,8,50,1048576,484762.8
1000,serialMergeSort,1,0,0,120173.0
1000,parallelMergeSort,8,50,1048576,1086910.6
1000,openmpMergeSort,8,50,1048576,922257.6
100000,serialMergeSort,1,0,0,14547038.2
100000,parallelMergeSort,8,50,1048576,106476445.2
100000,openmpMergeSort,8,50,1048576,4923153.0
1000000,serialMergeSort,1,0,0,158827632.8
1000000,parallelMergeSort,8,50,1048576,148215954.2
1000000,openmpMergeSort,8,50,1048576,49359327.8
100,serialMergeSort,1,0,0,11136.0
100,parallelMergeSort,8,50,1048576,191683.0
100,openmpMergeSort,8,50,1048576,714307.4
1000,serialMergeSort,1,0,0,118036.6
1000,parallelMergeSort,8,50,1048576,1551426.6
1000,openmpMergeSort,8,50,1048576,1221041.2
100000,serialMergeSort,1,0,0,14861693.8
100000,parallelMergeSort,8,50,1048576,6285875.8
100000,openmpMergeSort,8,50,1048576,5591649.2
1000000,serialMergeSort,1,0,0,160139554.2
1000000,parallelMergeSort,8,50,1048576,47896419.2
1000000,openmpMergeSort,8,50,1048576,46089134.4
100,serialMergeSort,1,0,0,10454.6
100,parallelMergeSort,8,50,1048576,207197.6
100,openmpMergeSort,8,50,1048576,320928.6
1000,serialMergeSort,1,0,0,106191.8
1000,parallelMergeSort,8,50,1048576,1089423.8
1000,openmpMergeSort,8,50,1048576,658403.8
100000,serialMergeSort,1,0,0,14848821.0
100000,parallelMergeSort,8,50,1048576,5570361.4
100000,openmpMergeSort,8,50,1048576,5040670.2
1000000,serialMergeSort,1,0,0,159264599.4
1000000,parallelMergeSort,8,50,1048576,48837912.4
1000000,openmpMergeSort,8,50,1048576,50760934.6
100,serialMergeSort,1,0,0,11179.2
100,parallelMergeSort,8,50,1048576,192982.0
100,openmpMergeSort,8,50,1048576,567580.6
1000,serialMergeSort,1,0,0,114841.8
1000,parallelMergeSort,8,50,1048576,1361440.0
1000,openmpMergeSort,8,50,1048576,735068.2
100000,serialMergeSort,1,0,0,15370945.6
100000,parallelMergeSort,8,50,1048576,6076106.2
100000,openmpMergeSort,8,50,1048576,5144597.6
1000000,serialMergeSort,1,0,0,161429995.2
1000000,parallelMergeSort,8,50,1048576,147151578.6
1000000,openmpMergeSort,8,50,1048576,47821209.2
100,serialMergeSort,1,0,0,13335.8
100,parallelMergeSort,8,50,1048576,179541.0
100,openmpMergeSort,8,50,1048576,646815.4
1000,serialMergeSort,1,0,0,119312.2
1000,parallelMergeSort,8,50,1048576,2088478.2
1000,openmpMergeSort,8,50,1048576,723707.8
100000,serialMergeSort,1,0,0,15196782.2
100000,parallelMergeSort,8,50,1048576,5626051.2
100000,openmpMergeSort,8,50,1048576,5208615.6
1000000,serialMergeSort,1,0,0,160956381.8
1000000,parallelMergeSort,8,50,1048576,47998823.4
1000000,openmpMergeSort,8,50,1048576,48502555.6
100,serialMergeSort,1,0,0,11179.4
100,parallelMergeSort,8,50,1048576,179629.6
100,openmpMergeSort,8,50,1048576,658557.8
1000,serialMergeSort,1,0,0,121580.6
1000,parallelMergeSort,8,50,1048576,1458922.0
1000,openmpMergeSort,8,50,1048576,524044.6
100000,serialMergeSort,1,0,0,14702084.2
100000,parallelMergeSort,8,50,1048576,5679933.8
100000,openmpMergeSort,8,50,1048576,5623847.0
1000000,serialMergeSort,1,0,0,159453209.2
1000000,parallelMergeSort,8,50,1048576,47824354.6
1000000,openmpMergeSort,8,50,1048576,51320081.8
100,serialMergeSort,1,0,0,10719.0
100,parallelMergeSort,8,50,1048576,167800.8
100,openmpMergeSort,8,50,1048576,378132.1
1000,serialMergeSort,1,0,0,117320.0
1000,parallelMergeSort,8,50,1048576,986248.0
1000,openmpMergeSort,8,50,1048576,621384.4
100000,serialMergeSort,1,0,0,14479825.6
100000,parallelMergeSort,8,50,1048576,5585462.2
100000,openmpMergeSort,8,50,1048576,5481611.5
1000000,serialMergeSort,1,0,0,159505036.4
1000000,parallelMergeSort,8,50,1048576,46446122.3
1000000,openmpMergeSort,8,50,1048576,47868067.6
10000000,serialMergeSort,1,0,0,1778733062.9
10000000,parallelMergeSort,8,50,1048576,425979305.4
10000000,openmpMergeSort,8,50,1048576,503079894.6
100,serialMergeSort,1,0,0,11664.4
100,parallelMergeSort,8,50,1048576,178768.7
100,openmpMergeSort,8,50,1048576,43469981.5
1000,serialMergeSort,1,0,0,111453.8
1000,parallelMergeSort,8,50,1048576,1035364.3
1000,openmpMergeSort,8,50,1048576,466505.8
10000,serialMergeSort,1,0,0,1407727.3
10000,parallelMergeSort,8,50,1048576,2211508.8
10000,openmpMergeSort,8,50,1048576,976164.6
100000,serialMergeSort,1,0,0,14622503.6
100000,parallelMergeSort,8,50,1048576,55958884.8
100000,openmpMergeSort,8,50,1048576,5364864.9
1000000,serialMergeSort,1,0,0,159117703.5
1000000,parallelMergeSort,8,50,1048576,64543430.6
1000000,openmpMergeSort,8,50,1048576,86079968.7
10000000,serialMergeSort,1,0,0,1795535856.6
10000000,parallelMergeSort,8,50,1048576,436687729.6
10000000,openmpMergeSort,8,50,1048576,472611348.8
100000000,serialMergeSort,1,0,0,19993507306.4
100000000,parallelMergeSort,8,50,1048576,4429337680.2
100000000,openmpMergeSort,8,50,1048576,4496487083.1
100,serialMergeSort,1,0,0,10600.6
100,parallelMergeSort,6,50,1048576,218991.6
100,openmpMergeSort,6,50,1048576,2639719.0
1000,serialMergeSort,1,0,0,121701.3
1000,parallelMergeSort,6,50,1048576,1029538.4
1000,openmpMergeSort,6,50,1048576,764221.4
10000,serialMergeSort,1,0,0,1325440.2
10000,parallelMergeSort,6,50,1048576,1425709.2
10000,openmpMergeSort,6,50,1048576,1368102.7
100000,serialMergeSort,1,0,0,14424227.5
100000,parallelMergeSort,6,50,1048576,11894674.0
100000,openmpMergeSort,6,50,1048576,5430175.4
1000000,serialMergeSort,1,0,0,166434618.2
1000000,parallelMergeSort,6,50,1048576,47702272.7
1000000,openmpMergeSort,6,50,1048576,53430119.7
10000000,serialMergeSort,1,0,0,1788702340.7
10000000,parallelMergeSort,6,50,1048576,428107579.3
10000000,openmpMergeSort,6,50,1048576,553163492.0
100000000,serialMergeSort,1,0,0,19575440602.3
100000000,parallelMergeSort,6,50,1048576,4481259163.8
100000000,openmpMergeSort,6,50,1048576,5800638767.9
100,serialMergeSort,1,0,0,10409.9
100,parallelMergeSort,6,10,1048576,944566.8
100,openmpMergeSort,6,10,1048576,1232134.0
1000,serialMergeSort,1,0,0,112502.7
1000,parallelMergeSort,6,10,1048576,1107089.9
1000,openmpMergeSort,6,10,1048576,734697.2
10000,serialMergeSort,1,0,0,1348425.6
10000,parallelMergeSort,6,10,1048576,1816466.9
10000,openmpMergeSort,6,10,1048576,1123763.1
100000,serialMergeSort,1,0,0,14493741.7
100000,parallelMergeSort,6,10,1048576,5551593.0
100000,openmpMergeSort,6,10,1048576,5303213.1
1000000,serialMergeSort,1,0,0,158343743.3
1000000,parallelMergeSort,6,10,1048576,45337012.2
1000000,openmpMergeSort,6,10,1048576,47699834.3
10000000,serialMergeSort,1,0,0,1761356393.0
10000000,parallelMergeSort,6,10,1048576,427334858.0
10000000,openmpMergeSort,6,10,1048576,533770522.9
100000000,serialMergeSort,1,0,0,19717854020.0
100000000,parallelMergeSort,6,10,1048576,4327054725.2
100000000,openmpMergeSort,6,10,1048576,5841574132.0
100,serialMergeSort,1,0,0,14177.1
100,parallelMergeSort,6,10,2048576,1230609.2
100,openmpMergeSort,6,10,2048576,795609.2
1000,serialMergeSort,1,0,0,126667.7
1000,parallelMergeSort,6,10,2048576,51271012.4
1000,openmpMergeSort,6,10,2048576,856491.4
10000,serialMergeSort,1,0,0,1407738.4
10000,parallelMergeSort,6,10,2048576,51963868.2
10000,openmpMergeSort,6,10,2048576,1845591.8
100000,serialMergeSort,1,0,0,14310790.4
100000,parallelMergeSort,6,10,2048576,6185063.1
100000,openmpMergeSort,6,10,2048576,5127839.9
1000000,serialMergeSort,1,0,0,157258795.2
1000000,parallelMergeSort,6,10,2048576,46452236.3
1000000,openmpMergeSort,6,10,2048576,48131293.5
10000000,serialMergeSort,1,0,0,1770753647.2
10000000,parallelMergeSort,6,10,2048576,433687984.5
10000000,openmpMergeSort,6,10,2048576,519372283.2
100000000,serialMergeSort,1,0,0,19821127358.6
100000000,parallelMergeSort,6,10,2048576,4410492996.7
100000000,openmpMergeSort,6,10,2048576,5683085518.8
100,serialMergeSort,1,0,0,10786.6
100,parallelMergeSort,6,10,8048576,1204531.6
100,openmpMergeSort,6,10,8048576,1378021.7
1000,serialMergeSort,1,0,0,115002.0
1000,parallelMergeSort,6,10,8048576,1216062.7
1000,openmpMergeSort,6,10,8048576,317432.4
10000,serialMergeSort,1,0,0,1292089.1
10000,parallelMergeSort,6,10,8048576,1659730.2
10000,openmpMergeSort,6,10,8048576,3043398.7
100000,serialMergeSort,1,0,0,14578888.3
100000,parallelMergeSort,6,10,8048576,6271144.1
100000,openmpMergeSort,6,10,8048576,5093358.0
1000000,serialMergeSort,1,0,0,160902864.5
1000000,parallelMergeSort,6,10,8048576,49170144.9
1000000,openmpMergeSort,6,10,8048576,50476204.8
10000000,serialMergeSort,1,0,0,1795519419.6
10000000,parallelMergeSort,6,10,8048576,509766349.5
10000000,openmpMergeSort,6,10,8048576,523468006.6
100000000,serialMergeSort,1,0,0,19731731519.2
100000000,parallelMergeSort,6,10,8048576,4749344192.9
100000000,openmpMergeSort,6,10,8048576,6007156715.7
100,serialMergeSort,1,0,0,11176.9
100,parallelMergeSort,6,1,1048576,1150310.2
100,openmpMergeSort,6,1,1048576,848781.1
1000,serialMergeSort,1,0,0,115547.0
1000,parallelMergeSort,6,1,1048576,1127598.8
1000,openmpMergeSort,6,1,1048576,260919.1
10000,serialMergeSort,1,0,0,1302597.9
10000,parallelMergeSort,6,1,1048576,1420664.4
10000,openmpMergeSort,6,1,1048576,943397.7
100000,serialMergeSort,1,0,0,14547401.0
100000,parallelMergeSort,6,1,1048576,6110911.6
100000,openmpMergeSort,6,1,1048576,6276210.1
1000000,serialMergeSort,1,0,0,162536999.0
1000000,parallelMergeSort,6,1,1048576,50938715.2
1000000,openmpMergeSort,6,1,1048576,93841548.4
10000000,serialMergeSort,1,0,0,1781506130.5
10000000,parallelMergeSort,6,1,1048576,506452207.8
10000000,openmpMergeSort,6,1,1048576,538404327.8
100000000,serialMergeSort,1,0,0,19626452178.2
100000000,parallelMergeSort,6,1,1048576,4714618701.5
100000000,openmpMergeSort,6,1,1048576,5624117993.5
100,serialMergeSort,1,0,0,12750.6
100,parallelMergeSort,6,1000,1048576,11227.3
100,openmpMergeSort,6,1000,1048576,2065937.1
1000,serialMergeSort,1,0,0,116824.9
1000,parallelMergeSort,6,1000,1048576,117638.5
1000,openmpMergeSort,6,1000,1048576,2702062.6
10000,serialMergeSort,1,0,0,1370795.1
10000,parallelMergeSort,6,1000,1048576,1584981.5
10000,openmpMergeSort,6,1000,1048576,1081393.8
100000,serialMergeSort,1,0,0,14634750.0
100000,parallelMergeSort,6,1000,1048576,6144267.4
100000,openmpMergeSort,6,1000,1048576,6600582.0
1000000,serialMergeSort,1,0,0,161015380.9
1000000,parallelMergeSort,6,1000,1048576,51435473.5
1000000,openmpMergeSort,6,1000,1048576,97384271.1
10000000,serialMergeSort,1,0,0,1823174401.6
10000000,parallelMergeSort,6,1000,1048576,464813622.4
10000000,openmpMergeSort,6,1000,1048576,525142027.2
100000000,serialMergeSort,1,0,0,19807862913.4
100000000,parallelMergeSort,6,1000,1048576,4707656647.2
100000000,openmpMergeSort,6,1000,1048576,5753685879.1
5,serialMergeSort,1,0,0,566.4
5,parallelMergeSort,6,1,1048576,738138.1
5,openmpMergeSort,6,1,1048576,1569861.8
10,serialMergeSort,1,0,0,1205.7
10,parallelMergeSort,6,1,1048576,1110818.1
10,openmpMergeSort,6,1,1048576,215252.4
15,serialMergeSort,1,0,0,1832.8
15,parallelMergeSort,6,1,1048576,912213.1
15,openmpMergeSort,6,1,1048576,1034001.1
20,serialMergeSort,1,0,0,2382.8
20,parallelMergeSort,6,1,1048576,1046864.5
20,openmpMergeSort,6,1,1048576,216568.9
30,serialMergeSort,1,0,0,3542.6
30,parallelMergeSort,6,1,1048576,867311.6
30,openmpMergeSort,6,1,1048576,217938.4
40,serialMergeSort,1,0,0,4471.6
40,parallelMergeSort,6,1,1048576,1199090.1
40,openmpMergeSort,6,1,1048576,1361714.7
60,serialMergeSort,1,0,0,6863.0
60,parallelMergeSort,6,1,1048576,825051.0
60,openmpMergeSort,6,1,1048576,2215775.8
80,serialMergeSort,1,0,0,8925.1
80,parallelMergeSort,6,1,1048576,862226.3
80,openmpMergeSort,6,1,1048576,2488524.9
100,serialMergeSort,1,0,0,10982.3
100,parallelMergeSort,6,1,1048576,815268.3
100,openmpMergeSort,6,1,1048576,732869.1
5,serialMergeSort,1,0,0,560.9
5,parallelMergeSort,6,1,1048576,565089.8
5,openmpMergeSort,6,1,1048576,734129.1
10,serialMergeSort,1,0,0,1198.3
10,parallelMergeSort,6,1,1048576,987762.7
10,openmpMergeSort,6,1,1048576,1051035.0
15,serialMergeSort,1,0,0,1765.9
15,parallelMergeSort,6,1,1048576,854444.3
15,openmpMergeSort,6,1,1048576,213609.6
20,serialMergeSort,1,0,0,2418.7
20,parallelMergeSort,6,1,1048576,800142.5
20,openmpMergeSort,6,1,1048576,224835.3
30,serialMergeSort,1,0,0,3587.0
30,parallelMergeSort,6,1,1048576,749092.9
30,openmpMergeSort,6,1,1048576,884104.6
40,serialMergeSort,1,0,0,4581.5
40,parallelMergeSort,6,1,1048576,761610.1
40,openmpMergeSort,6,1,1048576,649182.8
60,serialMergeSort,1,0,0,6792.5
60,parallelMergeSort,6,1,1048576,1136324.5
60,openmpMergeSort,6,1,1048576,229539.2
80,serialMergeSort,1,0,0,8868.6
80,parallelMergeSort,6,1,1048576,824585.8
80,openmpMergeSort,6,1,1048576,277876.8
100,serialMergeSort,1,0,0,10663.0
100,parallelMergeSort,6,1,1048576,51013652.7
100,openmpMergeSort,6,1,1048576,3212417.4
150,serialMergeSort,1,0,0,16110.3
150,parallelMergeSort,6,1,1048576,952026.8
150,openmpMergeSort,6,1,1048576,246894.4
200,serialMergeSort,1,0,0,22441.0
200,parallelMergeSort,6,1,1048576,1147621.0
200,openmpMergeSort,6,1,1048576,251942.6
250,serialMergeSort,1,0,0,29245.9
250,parallelMergeSort,6,1,1048576,824586.4
250,openmpMergeSort,6,1,1048576,1558954.1
300,serialMergeSort,1,0,0,37550.8
300,parallelMergeSort,6,1,1048576,1062544.4
300,openmpMergeSort,6,1,1048576,258340.8
350,serialMergeSort,1,0,0,43729.1
350,parallelMergeSort,6,1,1048576,839468.2
350,openmpMergeSort,6,1,1048576,1995243.2
400,serialMergeSort,1,0,0,46842.0
400,parallelMergeSort,6,1,1048576,776852.5
400,openmpMergeSort,6,1,1048576,230002.4
500,serialMergeSort,1,0,0,56823.5
500,parallelMergeSort,6,1,1048576,817201.9
500,openmpMergeSort,6,1,1048576,864594.5
5,serialMergeSort,1,0,0,575.1
5,parallelMergeSort,6,1,1048576,653904.0
5,openmpMergeSort,6,1,1048576,1019212.5
10,serialMergeSort,1,0,0,1195.9
10,parallelMergeSort,6,1,1048576,995384.9
10,openmpMergeSort,6,1,1048576,1245982.0
15,serialMergeSort,1,0,0,1759.3
15,parallelMergeSort,6,1,1048576,977596.9
15,openmpMergeSort,6,1,1048576,1672141.7
20,serialMergeSort,1,0,0,2405.3
20,parallelMergeSort,6,1,1048576,13191009.5
20,openmpMergeSort,6,1,1048576,12228464.6
30,serialMergeSort,1,0,0,3573.3
30,parallelMergeSort,6,1,1048576,819548.3
30,openmpMergeSort,6,1,1048576,20916208.0
40,serialMergeSort,1,0,0,4593.7
40,parallelMergeSort,6,1,1048576,615475.1
40,openmpMergeSort,6,1,1048576,11862388.6
60,serialMergeSort,1,0,0,6873.1
60,parallelMergeSort,6,1,1048576,691932.0
60,openmpMergeSort,6,1,1048576,951750.2
80,serialMergeSort,1,0,0,8573.9
80,parallelMergeSort,6,1,1048576,638283.3
80,openmpMergeSort,6,1,1048576,689135.8
100,serialMergeSort,1,0,0,11445.9
100,parallelMergeSort,6,1,1048576,1062276.7
100,openmpMergeSort,6,1,1048576,1391684.7
150,serialMergeSort,1,0,0,16813.6
150,parallelMergeSort,6,1,1048576,17974673.5
150,openmpMergeSort,6,1,1048576,1155827.1
200,serialMergeSort,1,0,0,25790.9
200,parallelMergeSort,6,1,1048576,1050720.0
200,openmpMergeSort,6,1,1048576,1121135.8
250,serialMergeSort,1,0,0,29191.8
250,parallelMergeSort,6,1,1048576,1145779.6
250,openmpMergeSort,6,1,1048576,262638.2
300,serialMergeSort,1,0,0,81333.2
300,parallelMergeSort,6,1,1048576,797832.2
300,openmpMergeSort,6,1,1048576,997986.8
350,serialMergeSort,1,0,0,40889.4
350,parallelMergeSort,6,1,1048576,940580.3
350,openmpMergeSort,6,1,1048576,276294.8
400,serialMergeSort,1,0,0,47407.5
400,parallelMergeSort,6,1,1048576,876282.6
400,openmpMergeSort,6,1,1048576,1399145.5
500,serialMergeSort,1,0,0,59891.9
500,parallelMergeSort,6,1,1048576,861856.9
500,openmpMergeSort,6,1,1048576,1681672.6
5,serialMergeSort,1,0,0,552.7
5,parallelMergeSort,6,1,1048576,564710.0
5,openmpMergeSort,6,1,1048576,605149.5
10,serialMergeSort,1,0,0,1176.0
10,parallelMergeSort,6,1,1048576,1048428.4
10,openmpMergeSort,6,1,1048576,444014.2
15,serialMergeSort,1,0,0,1699.9
15,parallelMergeSort,6,1,1048576,972640.6
15,openmpMergeSort,6,1,1048576,220299.7
20,serialMergeSort,1,0,0,2180.9
20,parallelMergeSort,6,1,1048576,882779.8
20,openmpMergeSort,6,1,1048576,204590.5
30,serialMergeSort,1,0,0,3463.8
30,parallelMergeSort,6,1,1048576,791994.8
30,openmpMergeSort,6,1,1048576,694738.2
40,serialMergeSort,1,0,0,4484.6
40,parallelMergeSort,6,1,1048576,28502560.8
40,openmpMergeSort,6,1,1048576,1825430.8
60,serialMergeSort,1,0,0,6389.5
60,parallelMergeSort,6,1,1048576,1246338.7
60,openmpMergeSort,6,1,1048576,827566.9
80,serialMergeSort,1,0,0,8076.4
80,parallelMergeSort,6,1,1048576,51236438.0
80,openmpMergeSort,6,1,1048576,1208363.9
100,serialMergeSort,1,0,0,10690.0
100,parallelMergeSort,6,1,1048576,977924.6
100,openmpMergeSort,6,1,1048576,707280.6
150,serialMergeSort,1,0,0,16528.1
150,parallelMergeSort,6,1,1048576,1222066.8
150,openmpMergeSort,6,1,1048576,263280.3
200,serialMergeSort,1,0,0,21827.8
200,parallelMergeSort,6,1,1048576,1097251.4
200,openmpMergeSort,6,1,1048576,234433.4
250,serialMergeSort,1,0,0,40702.0
250,parallelMergeSort,6,1,1048576,982478.7
250,openmpMergeSort,6,1,1048576,1484651.8
300,serialMergeSort,1,0,0,35500.7
300,parallelMergeSort,6,1,1048576,905507.1
300,openmpMergeSort,6,1,1048576,253134.5
350,serialMergeSort,1,0,0,44353.7
350,parallelMergeSort,6,1,1048576,954841.3
350,openmpMergeSort,6,1,1048576,222971.2
400,serialMergeSort,1,0,0,46801.5
400,parallelMergeSort,6,1,1048576,916212.2
400,openmpMergeSort,6,1,1048576,1320639.4
500,serialMergeSort,1,0,0,58182.0
500,parallelMergeSort,6,1,1048576,896868.8
500,openmpMergeSort,6,1,1048576,1436690.9
5,serialMergeSort,1,0,0,565.1
5,parallelMergeSort,6,1,1048576,770328.0
5,openmpMergeSort,6,1,1048576,1251435.1
10,serialMergeSort,1,0,0,1181.1
10,parallelMergeSort,6,1,1048576,51092246.4
10,openmpMergeSort,6,1,1048576,708504.1
15,serialMergeSort,1,0,0,1745.0
15,parallelMergeSort,6,1,1048576,883911.6
15,openmpMergeSort,6,1,1048576,1342597.3
20,serialMergeSort,1,0,0,2463.2
20,parallelMergeSort,6,1,1048576,947150.8
20,openmpMergeSort,6,1,1048576,813519.7
30,serialMergeSort,1,0,0,3394.9
30,parallelMergeSort,6,1,1048576,895835.3
30,openmpMergeSort,6,1,1048576,1478210.5
40,serialMergeSort,1,0,0,4618.2
40,parallelMergeSort,6,1,1048576,880433.7
40,openmpMergeSort,6,1,1048576,236875.5
60,serialMergeSort,1,0,0,6870.2
60,parallelMergeSort,6,1,1048576,948821.4
60,openmpMergeSort,6,1,1048576,1744064.6
80,serialMergeSort,1,0,0,8869.6
80,parallelMergeSort,6,1,1048576,1345171.4
80,openmpMergeSort,6,1,1048576,669955.1
100,serialMergeSort,1,0,0,11399.6
100,parallelMergeSort,6,1,1048576,1154572.8
100,openmpMergeSort,6,1,1048576,209316.9
5,serialMergeSort,1,0,0,580.6
5,parallelMergeSort,6,1,1048576,693504.5
5,openmpMergeSort,6,1,1048576,678012.7
10,serialMergeSort,1,0,0,1204.2
10,parallelMergeSort,6,1,1048576,959520.0
10,openmpMergeSort,6,1,1048576,666795.7
15,serialMergeSort,1,0,0,1804.1
15,parallelMergeSort,6,1,1048576,846628.1
15,openmpMergeSort,6,1,1048576,217316.9
20,serialMergeSort,1,0,0,2419.3
20,parallelMergeSort,6,1,1048576,841774.3
20,openmpMergeSort,6,1,1048576,1899756.0
30,serialMergeSort,1,0,0,3554.2
30,parallelMergeSort,6,1,1048576,845341.5
30,openmpMergeSort,6,1,1048576,831780.6
40,serialMergeSort,1,0,0,4647.1
40,parallelMergeSort,6,1,1048576,913292.2
40,openmpMergeSort,6,1,1048576,2026401.4
60,serialMergeSort,1,0,0,6799.1
60,parallelMergeSort,6,1,1048576,1044814.6
60,openmpMergeSort,6,1,1048576,1615842.1
80,serialMergeSort,1,0,0,8864.1
80,parallelMergeSort,6,1,1048576,17107874.2
80,openmpMergeSort,6,1,1048576,2098908.8
100,serialMergeSort,1,0,0,11164.3
100,parallelMergeSort,6,1,1048576,1178822.2
100,openmpMergeSort,6,1,1048576,1491822.5
5,serialMergeSort,1,0,0,562.04
5,parallelMergeSort,6,1,1048576,4585078.29
5,openmpMergeSort,6,1,1048576,478602.41
10,serialMergeSort,1,0,0,1235.61
10,parallelMergeSort,6,1,1048576,707319.38
10,openmpMergeSort,6,1,1048576,680995.51
15,serialMergeSort,1,0,0,2271.44
15,parallelMergeSort,6,1,1048576,4817817.96
15,openmpMergeSort,6,1,1048576,497312.05
20,serialMergeSort,1,0,0,2445.62
20,parallelMergeSort,6,1,1048576,5875857.75
20,openmpMergeSort,6,1,1048576,374272.26
30,serialMergeSort,1,0,0,3466.07
30,parallelMergeSort,6,1,1048576,769983.15
30,openmpMergeSort,6,1,1048576,730009.69
40,serialMergeSort,1,0,0,4396.65
40,parallelMergeSort,6,1,1048576,705739.43
40,openmpMergeSort,6,1,1048576,494919.96
60,serialMergeSort,1,0,0,6713.2
60,parallelMergeSort,6,1,1048576,5830879.42
60,openmpMergeSort,6,1,1048576,384083.36
80,serialMergeSort,1,0,0,9134.52
80,parallelMergeSort,6,1,1048576,6987826.01
80,openmpMergeSort,6,1,1048576,408206.71
100,serialMergeSort,1,0,0,11424.33
100,parallelMergeSort,6,1,1048576,886584.68
100,openmpMergeSort,6,1,1048576,571381.3
150,serialMergeSort,1,0,0,16660.45
150,parallelMergeSort,6,1,1048576,793444.88
150,openmpMergeSort,6,1,1048576,426164.58
200,serialMergeSort,1,0,0,22452.55
200,parallelMergeSort,6,1,1048576,4124248.47
200,openmpMergeSort,6,1,1048576,580039.94
250,serialMergeSort,1,0,0,28985.24
250,parallelMergeSort,6,1,1048576,5926157.81
250,openmpMergeSort,6,1,1048576,599461.84
300,serialMergeSort,1,0,0,35559.41
300,parallelMergeSort,6,1,1048576,816057.78
300,openmpMergeSort,6,1,1048576,481275.92
350,serialMergeSort,1,0,0,40970.18
350,parallelMergeSort,6,1,1048576,777955.1
350,openmpMergeSort,6,1,1048576,400521.03
400,serialMergeSort,1,0,0,45820.57
400,parallelMergeSort,6,1,1048576,9312004.74
400,openmpMergeSort,6,1,1048576,484174.43
500,serialMergeSort,1,0,0,57685.97
500,parallelMergeSort,6,1,1048576,859738.77
500,openmpMergeSort,6,1,1048576,521156.36
5,serialMergeSort,1,0,0,618.058
5,parallelMergeSort,6,1,1048576,448613.596
5,openmpMergeSort,6,1,1048576,366434.878
10,serialMergeSort,1,0,0,1212.964
10,parallelMergeSort,6,1,1048576,3361586.068
10,openmpMergeSort,6,1,1048576,406359.214
15,serialMergeSort,1,0,0,1812.844
15,parallelMergeSort,6,1,1048576,4708373.442
15,openmpMergeSort,6,1,1048576,415871.522
20,serialMergeSort,1,0,0,2313.262
20,parallelMergeSort,6,1,1048576,2835939.438
20,openmpMergeSort,6,1,1048576,366181.004
30,serialMergeSort,1,0,0,3429.092
30,parallelMergeSort,6,1,1048576,4110512.602
30,openmpMergeSort,6,1,1048576,360181.812
40,serialMergeSort,1,0,0,4796.278
40,parallelMergeSort,6,1,1048576,1694988.648
40,openmpMergeSort,6,1,1048576,450543.342
60,serialMergeSort,1,0,0,6697.426
60,parallelMergeSort,6,1,1048576,4281444.506
60,openmpMergeSort,6,1,1048576,534246.95
80,serialMergeSort,1,0,0,8875.87
80,parallelMergeSort,6,1,1048576,4595516.218
80,openmpMergeSort,6,1,1048576,405994.19
100,serialMergeSort,1,0,0,11205.562
100,parallelMergeSort,6,1,1048576,2840795.86
100,openmpMergeSort,6,1,1048576,445868.092
150,serialMergeSort,1,0,0,16600.872
150,parallelMergeSort,6,1,1048576,2351101.396
150,openmpMergeSort,6,1,1048576,447662.998
200,serialMergeSort,1,0,0,22159.128
200,parallelMergeSort,6,1,1048576,4829696.192
200,openmpMergeSort,6,1,1048576,421528.948
250,serialMergeSort,1,0,0,28815.014
250,parallelMergeSort,6,1,1048576,1854758.184
250,openmpMergeSort,6,1,1048576,424270.976
300,serialMergeSort,1,0,0,36046.352
300,parallelMergeSort,6,1,1048576,4304807.552
300,openmpMergeSort,6,1,1048576,422363.706
350,serialMergeSort,1,0,0,40329.902
350,parallelMergeSort,6,1,1048576,2654443.484
350,openmpMergeSort,6,1,1048576,1296412.672
400,serialMergeSort,1,0,0,46180.088
400,parallelMergeSort,6,1,1048576,3402582.81
400,openmpMergeSort,6,1,1048576,1080423.332
500,serialMergeSort,1,0,0,57270.598
500,parallelMergeSort,6,1,1048576,2798856.24
500,openmpMergeSort,6,1,1048576,353609.88
5,serialMergeSort,1,0,0,588.664
5,parallelMergeSort,6,1,1048576,1439881.92
5,openmpMergeSort,6,1,1048576,345366.119
10,serialMergeSort,1,0,0,1185.039
10,parallelMergeSort,6,1,1048576,4088489.643
10,openmpMergeSort,6,1,1048576,430149.06
15,serialMergeSort,1,0,0,1798.488
15,parallelMergeSort,6,1,1048576,4082355.97
15,openmpMergeSort,6,1,1048576,374445.497
20,serialMergeSort,1,0,0,2389.855
20,parallelMergeSort,6,1,1048576,2633530.826
20,openmpMergeSort,6,1,1048576,376322.286
30,serialMergeSort,1,0,0,3464.929
30,parallelMergeSort,6,1,1048576,4754408.28
30,openmpMergeSort,6,1,1048576,400973.323
40,serialMergeSort,1,0,0,4546.326
40,parallelMergeSort,6,1,1048576,2498629.351
40,openmpMergeSort,6,1,1048576,449984.451
60,serialMergeSort,1,0,0,6715.745
60,parallelMergeSort,6,1,1048576,2601891.06
60,openmpMergeSort,6,1,1048576,386713.555
80,serialMergeSort,1,0,0,8712.067
80,parallelMergeSort,6,1,1048576,6977487.491
80,openmpMergeSort,6,1,1048576,354005.587
100,serialMergeSort,1,0,0,11173.584
100,parallelMergeSort,6,1,1048576,5645170.481
100,openmpMergeSort,6,1,1048576,444135.61
150,serialMergeSort,1,0,0,16520.095
150,parallelMergeSort,6,1,1048576,1637208.365
150,openmpMergeSort,6,1,1048576,371659.903
200,serialMergeSort,1,0,0,21636.401
200,parallelMergeSort,6,1,1048576,3498490.001
200,openmpMergeSort,6,1,1048576,382142.843
5,serialMergeSort,1,0,0,723.176
5,pthreadMergeSort,6,50,1048576,671.91
5,openmpMergeSort,6,50,1048576,772.783
5,tholderMergeSort,6,50,1048576,681.569
10,serialMergeSort,1,0,0,1582.319
10,pthreadMergeSort,6,50,1048576,1421.123
10,openmpMergeSort,6,50,1048576,1499.019
10,tholderMergeSort,6,50,1048576,1370.023
15,serialMergeSort,1,0,0,2216.072
15,pthreadMergeSort,6,50,1048576,2169.332
15,openmpMergeSort,6,50,1048576,2301.785
15,tholderMergeSort,6,50,1048576,2357.488
20,serialMergeSort,1,0,0,2890.124
20,pthreadMergeSort,6,50,1048576,2921.755
20,openmpMergeSort,6,50,1048576,3044.105
20,tholderMergeSort,6,50,1048576,2908.166
30,serialMergeSort,1,0,0,4477.684
30,pthreadMergeSort,6,50,1048576,4293.014
30,openmpMergeSort,6,50,1048576,4721.049
30,tholderMergeSort,6,50,1048576,4264.468
40,serialMergeSort,1,0,0,5644.274
40,pthreadMergeSort,6,50,1048576,5733.156
40,openmpMergeSort,6,50,1048576,5962.68
40,tholderMergeSort,6,50,1048576,5630.635
60,serialMergeSort,1,0,0,8565.084
60,pthreadMergeSort,6,50,1048576,157161.793
60,openmpMergeSort,6,50,1048576,8873.047
60,tholderMergeSort,6,50,1048576,179668.086
80,serialMergeSort,1,0,0,11619.86
80,pthreadMergeSort,6,50,1048576,159448.992
80,openmpMergeSort,6,50,1048576,11619.451
80,tholderMergeSort,6,50,1048576,157513.322
100,serialMergeSort,1,0,0,14323.014
100,pthreadMergeSort,6,50,1048576,161969.187
100,openmpMergeSort,6,50,1048576,15524.453
100,tholderMergeSort,6,50,1048576,161984.65
5,serialMergeSort,1,0,0,714.24
5,pthreadMergeSort,6,50,1048576,700.962
5,openmpMergeSort,6,50,1048576,783.475
5,tholderMergeSort,6,50,1048576,676.067
10,serialMergeSort,1,0,0,1510.542
10,pthreadMergeSort,6,50,1048576,1755.512
10,openmpMergeSort,6,50,1048576,1586.551
10,tholderMergeSort,6,50,1048576,1402.44
15,serialMergeSort,1,0,0,2353.301
15,pthreadMergeSort,6,50,1048576,2210.041
15,openmpMergeSort,6,50,1048576,2238.859
15,tholderMergeSort,6,50,1048576,2139.525
20,serialMergeSort,1,0,0,2917.394
20,pthreadMergeSort,6,50,1048576,2926.642
20,openmpMergeSort,6,50,1048576,2977.606
20,tholderMergeSort,6,50,1048576,2887.766
30,serialMergeSort,1,0,0,4411.251
30,pthreadMergeSort,6,50,1048576,4375.745
30,openmpMergeSort,6,50,1048576,4588.73
30,tholderMergeSort,6,50,1048576,4295.909
40,serialMergeSort,1,0,0,5726.662
40,pthreadMergeSort,6,50,1048576,5705.598
40,openmpMergeSort,6,50,1048576,5993.252
40,tholderMergeSort,6,50,1048576,5620.408
60,serialMergeSort,1,0,0,8545.264
60,pthreadMergeSort,6,50,1048576,155965.064
60,openmpMergeSort,6,50,1048576,8937.864
60,tholderMergeSort,6,50,1048576,154420.563
80,serialMergeSort,1,0,0,11545.05
80,pthreadMergeSort,6,50,1048576,159307.088
80,openmpMergeSort,6,50,1048576,11677.908
80,tholderMergeSort,6,50,1048576,154420.176
100,serialMergeSort,1,0,0,14277.098
100,pthreadMergeSort,6,50,1048576,153052.834
100,openmpMergeSort,6,50,1048576,14974.776
100,tholderMergeSort,6,50,1048576,164103.763
50,serialMergeSort,1,0,0,7482.655
50,pthreadMergeSort,6,50,1048576,7151.896
50,openmpMergeSort,6,50,1048576,7503.393
50,tholderMergeSort,6,50,1048576,7078.308
55,serialMergeSort,1,0,0,8169.216
55,pthreadMergeSort,6,50,1048576,156430.478
55,openmpMergeSort,6,50,1048576,8299.869
55,tholderMergeSort,6,50,1048576,155797.767
60,serialMergeSort,1,0,0,8555.232
60,pthreadMergeSort,6,50,1048576,161019.083
60,openmpMergeSort,6,50,1048576,8869.976
60,tholderMergeSort,6,50,1048576,153356.064
65,serialMergeSort,1,0,0,9155.714
65,pthreadMergeSort,6,50,1048576,158125.506
65,openmpMergeSort,6,50,1048576,9360.304
65,tholderMergeSort,6,50,1048576,156513.738
70,serialMergeSort,1,0,0,10286.301
70,pthreadMergeSort,6,50,1048576,160643.556
70,openmpMergeSort,6,50,1048576,10442.354
70,tholderMergeSort,6,50,1048576,156174.977
75,serialMergeSort,1,0,0,10979.512
75,pthreadMergeSort,6,50,1048576,165511.065
75,openmpMergeSort,6,50,1048576,11036.213
75,tholderMergeSort,6,50,1048576,157076.891
80,serialMergeSort,1,0,0,11599.63
80,pthreadMergeSort,6,50,1048576,161703.284
80,openmpMergeSort,6,50,1048576,11683.801
80,tholderMergeSort,6,50,1048576,154711.763
51,serialMergeSort,1,0,0,7442.644
51,pthreadMergeSort,6,50,1048576,157210.349
51,openmpMergeSort,6,50,1048576,7536.941
51,tholderMergeSort,6,50,1048576,154075.998
55,serialMergeSort,1,0,0,7977.986
55,pthreadMergeSort,6,50,1048576,155255.131
55,openmpMergeSort,6,50,1048576,8266.675
55,tholderMergeSort,6,50,1048576,156099.889
60,serialMergeSort,1,0,0,8686.316
60,pthreadMergeSort,6,50,1048576,158661.853
60,openmpMergeSort,6,50,1048576,8828.722
60,tholderMergeSort,6,50,1048576,155800.994
65,serialMergeSort,1,0,0,9179.45
65,pthreadMergeSort,6,50,1048576,162518.165
65,openmpMergeSort,6,50,1048576,9850.576
65,tholderMergeSort,6,50,1048576,166156.937
70,serialMergeSort,1,0,0,10411.296
70,pthreadMergeSort,6,50,1048576,159694.055
70,openmpMergeSort,6,50,1048576,10566.68
70,tholderMergeSort,6,50,1048576,156301.552
75,serialMergeSort,1,0,0,11047.073
75,pthreadMergeSort,6,50,1048576,164334.229
75,openmpMergeSort,6,50,1048576,11266.275
75,tholderMergeSort,6,50,1048576,155178.857
80,serialMergeSort,1,0,0,11455.441
80,pthreadMergeSort,6,50,1048576,160640.998
80,openmpMergeSort,6,50,1048576,11777.09
80,tholderMergeSort,6,50,1048576,159311.848
100,serialMergeSort,1,0,0,14067.76
100,parallelMergeSort,6,100,1048576,13803.55
100,openmpMergeSort,6,100,1048576,655923.63
100,openmpMergeSortIterative,6,100,1048576,726834.53
100,parallelMergeSortIterative,6,100,1048576,157700.27
1000,serialMergeSort,1,0,0,159601.74
1000,parallelMergeSort,6,100,1048576,940799.09
1000,openmpMergeSort,6,100,1048576,529682.96
1000,openmpMergeSortIterative,6,100,1048576,1080989.78
1000,parallelMergeSortIterative,6,100,1048576,1010033.98
10000,serialMergeSort,1,0,0,1884375.83
10000,parallelMergeSort,6,100,1048576,1601844.2
10000,openmpMergeSort,6,100,1048576,1065859.79
10000,openmpMergeSortIterative,6,100,1048576,848890.79
10000,parallelMergeSortIterative,6,100,1048576,48769215.11
100000,serialMergeSort,1,0,0,21530144.58
100000,parallelMergeSort,6,100,1048576,6932905.41
100000,openmpMergeSort,6,100,1048576,5945433.6
100000,openmpMergeSortIterative,6,100,1048576,4221386.26
100000,parallelMergeSortIterative,6,100,1048576,530349298.07
1000000,serialMergeSort,1,0,0,244193590.84
1000000,parallelMergeSort,6,100,1048576,56237829.33
1000000,openmpMergeSort,6,100,1048576,59493737.91
1000000,openmpMergeSortIterative,6,100,1048576,51081330.65
1000000,parallelMergeSortIterative,6,100,1048576,6320120825.51
100,serialMergeSort,1,0,0,28947.41
100,parallelMergeSort,6,100,1048576,17635.44
100,openmpMergeSort,6,100,1048576,783209.32
1000,serialMergeSort,1,0,0,281699.61
1000,parallelMergeSort,6,100,1048576,5079965.96
1000,openmpMergeSort,6,100,1048576,5917855.2
10000,serialMergeSort,1,0,0,2604583.72
10000,parallelMergeSort,6,100,1048576,1415411.7
10000,openmpMergeSort,6,100,1048576,1056595.87
100000,serialMergeSort,1,0,0,30940487.79
100000,parallelMergeSort,6,100,1048576,12047671.68
100000,openmpMergeSort,6,100,1048576,4535825.28
1,serialMergeSort,1,0,0,134.69
1,parallelMergeSort,6,1,1048576,408.04
1,openmpMergeSort,6,1,1048576,736411.85
5,serialMergeSort,1,0,0,2016.46
5,parallelMergeSort,6,1,1048576,1629084.8
5,openmpMergeSort,6,1,1048576,683673.05
10,serialMergeSort,1,0,0,3142.17
10,parallelMergeSort,6,1,1048576,7962448.67
10,openmpMergeSort,6,1,1048576,757379.23
50,serialMergeSort,1,0,0,14531.67
50,parallelMergeSort,6,1,1048576,3082868.2
50,openmpMergeSort,6,1,1048576,735973.01
100,serialMergeSort,1,0,0,35341.68
100,parallelMergeSort,6,1,1048576,7672650.35
100,openmpMergeSort,6,1,1048576,555543.28
250,serialMergeSort,1,0,0,55129.28
250,parallelMergeSort,6,1,1048576,11499666.62
250,openmpMergeSort,6,1,1048576,765590.52
500,serialMergeSort,1,0,0,104461.4
500,parallelMergeSort,6,1,1048576,2098712.85
500,openmpMergeSort,6,1,1048576,724984.04
750,serialMergeSort,1,0,0,328906.32
750,parallelMergeSort,6,1,1048576,1991789.61
750,openmpMergeSort,6,1,1048576,830055.84
1000,serialMergeSort,1,0,0,282384.19
1000,parallelMergeSort,6,1,1048576,2681642.91
1000,openmpMergeSort,6,1,1048576,721149.47
1,serialMergeSort,1,0,0,71.194
1,parallelMergeSort,6,1,1048576,131.857
1,openmpMergeSort,6,1,1048576,381356.369
5,serialMergeSort,1,0,0,762.717
5,parallelMergeSort,6,1,1048576,967036.974
5,openmpMergeSort,6,1,1048576,411351.483
10,serialMergeSort,1,0,0,1478.348
10,parallelMergeSort,6,1,1048576,3254030.79
10,openmpMergeSort,6,1,1048576,539323.264
50,serialMergeSort,1,0,0,7229.172
50,parallelMergeSort,6,1,1048576,4324243.319
50,openmpMergeSort,6,1,1048576,481681.0
100,serialMergeSort,1,0,0,15362.096
100,parallelMergeSort,6,1,1048576,2802556.07
100,openmpMergeSort,6,1,1048576,481533.036
250,serialMergeSort,1,0,0,38518.005
250,parallelMergeSort,6,1,1048576,1779725.982
250,openmpMergeSort,6,1,1048576,543472.987
500,serialMergeSort,1,0,0,77140.367
500,parallelMergeSort,6,1,1048576,3195952.246
500,openmpMergeSort,6,1,1048576,546601.308
750,serialMergeSort,1,0,0,134267.212
750,parallelMergeSort,6,1,1048576,1811156.759
750,openmpMergeSort,6,1,1048576,525363.397
1000,serialMergeSort,1,0,0,168450.665
1000,parallelMergeSort,6,1,1048576,6197108.86
1000,openmpMergeSort,6,1,1048576,591001.398
1,serialMergeSort,1,0,0,70.669
1,parallelMergeSort,6,1,1048576,171.033
1,openmpMergeSort,6,1,1048576,407713.041
5,serialMergeSort,1,0,0,742.503
5,parallelMergeSort,6,1,1048576,1187655.818
5,openmpMergeSort,6,1,1048576,464496.447
10,serialMergeSort,1,0,0,1536.322
10,parallelMergeSort,6,1,1048576,2880770.503
10,openmpMergeSort,6,1,1048576,491371.149
50,serialMergeSort,1,0,0,7226.566
50,parallelMergeSort,6,1,1048576,1788926.588
50,openmpMergeSort,6,1,1048576,475501.102
100,serialMergeSort,1,0,0,15244.793
100,parallelMergeSort,6,1,1048576,5712435.386
100,openmpMergeSort,6,1,1048576,508203.265
250,serialMergeSort,1,0,0,38122.748
250,parallelMergeSort,6,1,1048576,2374533.135
250,openmpMergeSort,6,1,1048576,443551.208
500,serialMergeSort,1,0,0,75624.327
500,parallelMergeSort,6,1,1048576,2161839.274
500,openmpMergeSort,6,1,1048576,528113.532
750,serialMergeSort,1,0,0,120702.554
750,parallelMergeSort,6,1,1048576,2004000.622
750,openmpMergeSort,6,1,1048576,527430.617
1000,serialMergeSort,1,0,0,162770.409
1000,parallelMergeSort,6,1,1048576,2151423.42
1000,openmpMergeSort,6,1,1048576,530828.249
1,serialMergeSort,1,0,0,331.33
1,parallelMergeSort,6,1,1048576,512.92
1,openmpMergeSort,6,1,1048576,500133.7
5,serialMergeSort,1,0,0,1029.63
5,parallelMergeSort,6,1,1048576,901976.37
5,openmpMergeSort,6,1,1048576,689331.67
10,serialMergeSort,1,0,0,2911.36
10,parallelMergeSort,6,1,1048576,2018080.66
10,openmpMergeSort,6,1,1048576,6017124.33
50,serialMergeSort,1,0,0,18608.39
50,parallelMergeSort,6,1,1048576,13531075.69
50,openmpMergeSort,6,1,1048576,558858.14
100,serialMergeSort,1,0,0,26891.3
100,parallelMergeSort,6,1,1048576,5358823.3
100,openmpMergeSort,6,1,1048576,728515.67
250,serialMergeSort,1,0,0,48915.63
250,parallelMergeSort,6,1,1048576,1721301.61
250,openmpMergeSort,6,1,1048576,853417.41
500,serialMergeSort,1,0,0,93347.24
500,parallelMergeSort,6,1,1048576,6444898.39
500,openmpMergeSort,6,1,1048576,874454.69
750,serialMergeSort,1,0,0,201403.77
750,parallelMergeSort,6,1,1048576,2685443.42
750,openmpMergeSort,6,1,1048576,754825.23
1000,serialMergeSort,1,0,0,426594.75
1000,parallelMergeSort,6,1,1048576,5586529.23
1000,openmpMergeSort,6,1,1048576,748873.39
1,serialMergeSort,1,0,0,184.346
1,parallelMergeSort,6,1,1048576,195.291
1,openmpMergeSort,6,1,1048576,362025.291
5,serialMergeSort,1,0,0,2355.995
5,parallelMergeSort,6,1,1048576,1741525.853
5,openmpMergeSort,6,1,1048576,533237.957
10,serialMergeSort,1,0,0,4136.739
10,parallelMergeSort,6,1,1048576,4719956.303
10,openmpMergeSort,6,1,1048576,592002.977
50,serialMergeSort,1,0,0,20009.619
50,parallelMergeSort,6,1,1048576,3207389.86
50,openmpMergeSort,6,1,1048576,512029.879
100,serialMergeSort,1,0,0,32272.457
100,parallelMergeSort,6,1,1048576,5727131.161
100,openmpMergeSort,6,1,1048576,534173.213
250,serialMergeSort,1,0,0,109621.463
250,parallelMergeSort,6,1,1048576,2789782.722
250,openmpMergeSort,6,1,1048576,500409.466
500,serialMergeSort,1,0,0,227355.254
500,parallelMergeSort,6,1,1048576,4079121.348
500,openmpMergeSort,6,1,1048576,535947.318
750,serialMergeSort,1,0,0,387245.962
750,parallelMergeSort,6,1,1048576,4157260.374
750,openmpMergeSort,6,1,1048576,555608.996
1000,serialMergeSort,1,0,0,457709.643
1000,parallelMergeSort,6,1,1048576,3452317.989
1000,openmpMergeSort,6,1,1048576,635951.18
1,serialMergeSort,1,0,0,174.049
1,parallelMergeSort,6,1,1048576,365.639
1,openmpMergeSort,6,1,1048576,429809.613
1,openmpMergeSortIterative,6,1,1048576,404.857
5,serialMergeSort,1,0,0,2698.543
5,parallelMergeSort,6,1,1048576,1513346.875
5,openmpMergeSort,6,1,1048576,514945.815
5,openmpMergeSortIterative,6,1,1048576,408822.596
10,serialMergeSort,1,0,0,6383.173
10,parallelMergeSort,6,1,1048576,3213404.353
10,openmpMergeSort,6,1,1048576,527100.474
10,openmpMergeSortIterative,6,1,1048576,389548.468
50,serialMergeSort,1,0,0,21138.904
50,parallelMergeSort,6,1,1048576,3323149.5
50,openmpMergeSort,6,1,1048576,484206.306
50,openmpMergeSortIterative,6,1,1048576,747743.624
100,serialMergeSort,1,0,0,34820.19
100,parallelMergeSort,6,1,1048576,5441575.075
100,openmpMergeSort,6,1,1048576,575556.498
100,openmpMergeSortIterative,6,1,1048576,465380.263
250,serialMergeSort,1,0,0,64878.122
250,parallelMergeSort,6,1,1048576,2619822.951
250,openmpMergeSort,6,1,1048576,606181.439
250,openmpMergeSortIterative,6,1,1048576,653447.916
500,serialMergeSort,1,0,0,179543.633
500,parallelMergeSort,6,1,1048576,3117725.583
500,openmpMergeSort,6,1,1048576,862839.383
500,openmpMergeSortIterative,6,1,1048576,656934.95
750,serialMergeSort,1,0,0,164087.815
750,parallelMergeSort,6,1,1048576,4981231.641
750,openmpMergeSort,6,1,1048576,650381.644
750,openmpMergeSortIterative,6,1,1048576,407490.709
1000,serialMergeSort,1,0,0,377046.679
1000,parallelMergeSort,6,1,1048576,2286074.755
1000,openmpMergeSort,6,1,1048576,684302.303
1000,openmpMergeSortIterative,6,1,1048576,1226286.465
1,serialMergeSort,1,0,0,186.161
1,parallelMergeSort,6,1,1048576,339.884
1,openmpMergeSort,6,1,1048576,485191.283
1,openmpMergeSortIterative,6,1,1048576,429.079
1,parallelMergeSortIterative,6,1,1048576,350.325
5,serialMergeSort,1,0,0,1772.7
5,parallelMergeSort,6,1,1048576,2085327.461
5,openmpMergeSort,6,1,1048576,444145.997
5,openmpMergeSortIterative,6,1,1048576,353792.562
5,parallelMergeSortIterative,6,1,1048576,479169.953
10,serialMergeSort,1,0,0,1522.256
10,parallelMergeSort,6,1,1048576,4841106.811
10,openmpMergeSort,6,1,1048576,515053.196
10,openmpMergeSortIterative,6,1,1048576,394598.984
10,parallelMergeSortIterative,6,1,1048576,897784.555
50,serialMergeSort,1,0,0,7487.527
50,parallelMergeSort,6,1,1048576,2725827.399
50,openmpMergeSort,6,1,1048576,475480.961
50,openmpMergeSortIterative,6,1,1048576,413774.781
50,parallelMergeSortIterative,6,1,1048576,18795966.385
100,serialMergeSort,1,0,0,14157.174
100,parallelMergeSort,6,1,1048576,3899734.924
100,openmpMergeSort,6,1,1048576,623832.75
100,openmpMergeSortIterative,6,1,1048576,386985.742
100,parallelMergeSortIterative,6,1,1048576,31835895.243
250,serialMergeSort,1,0,0,38458.809
250,parallelMergeSort,6,1,1048576,3448566.751
250,openmpMergeSort,6,1,1048576,559522.129
250,openmpMergeSortIterative,6,1,1048576,399701.425
250,parallelMergeSortIterative,6,1,1048576,79236286.567
500,serialMergeSort,1,0,0,81566.419
500,parallelMergeSort,6,1,1048576,1575990.458
500,openmpMergeSort,6,1,1048576,477928.231
500,openmpMergeSortIterative,6,1,1048576,546678.383
500,parallelMergeSortIterative,6,1,1048576,191942360.382
750,serialMergeSort,1,0,0,122394.919
750,parallelMergeSort,6,1,1048576,2679178.308
750,openmpMergeSort,6,1,1048576,566928.818
750,openmpMergeSortIterative,6,1,1048576,430142.998
750,parallelMergeSortIterative,6,1,1048576,302776288.105
1000,serialMergeSort,1,0,0,185358.27
1000,parallelMergeSort,6,1,1048576,3936654.103
1000,openmpMergeSort,6,1,1048576,499438.985
1000,openmpMergeSortIterative,6,1,1048576,443205.433
1000,parallelMergeSortIterative,6,1,1048576,430014077.108
1,serialMergeSort,1,0,0,75.384
1,parallelMergeSort,6,1,1048576,124.481
1,openmpMergeSort,6,1,1048576,331707.659
1,openmpMergeSortIterative,6,1,1048576,120.915
1,parallelMergeSortIterative,6,1,1048576,130.551
5,serialMergeSort,1,0,0,725.103
5,parallelMergeSort,6,1,1048576,1421144.491
5,openmpMergeSort,6,1,1048576,457462.9
5,openmpMergeSortIterative,6,1,1048576,321908.36
5,parallelMergeSortIterative,6,1,1048576,407533.583
10,serialMergeSort,1,0,0,1476.361
10,parallelMergeSort,6,1,1048576,4635435.583
10,openmpMergeSort,6,1,1048576,493316.362
10,openmpMergeSortIterative,6,1,1048576,288395.292
10,parallelMergeSortIterative,6,1,1048576,1234537.608
50,serialMergeSort,1,0,0,7005.367
50,parallelMergeSort,6,1,1048576,4129560.382
50,openmpMergeSort,6,1,1048576,484317.096
50,openmpMergeSortIterative,6,1,1048576,289218.536
50,parallelMergeSortIterative,6,1,1048576,2472089.619
100,serialMergeSort,1,0,0,14282.138
100,parallelMergeSort,6,1,1048576,3954662.336
100,openmpMergeSort,6,1,1048576,422484.595
100,openmpMergeSortIterative,6,1,1048576,342835.07
100,parallelMergeSortIterative,6,1,1048576,8363161.632
250,serialMergeSort,1,0,0,38455.206
250,parallelMergeSort,6,1,1048576,3406776.717
250,openmpMergeSort,6,1,1048576,425942.458
250,openmpMergeSortIterative,6,1,1048576,347836.857
250,parallelMergeSortIterative,6,1,1048576,1994525.831
500,serialMergeSort,1,0,0,75438.603
500,parallelMergeSort,6,1,1048576,2724764.442
500,openmpMergeSort,6,1,1048576,496649.319
500,openmpMergeSortIterative,6,1,1048576,342065.958
500,parallelMergeSortIterative,6,1,1048576,6371393.671
750,serialMergeSort,1,0,0,117134.545
750,parallelMergeSort,6,1,1048576,3884299.56
750,openmpMergeSort,6,1,1048576,460811.19
750,openmpMergeSortIterative,6,1,1048576,378673.422
750,parallelMergeSortIterative,6,1,1048576,5840290.118
1000,serialMergeSort,1,0,0,246584.511
1000,parallelMergeSort,6,1,1048576,2099016.035
1000,openmpMergeSort,6,1,1048576,978252.227
1000,openmpMergeSortIterative,6,1,1048576,369373.022
1000,parallelMergeSortIterative,6,1,1048576,2839853.881
1,serialMergeSort,1,0,0,70.426
1,parallelMergeSort,6,1,1048576,148.398
1,openmpMergeSort,6,1,1048576,378083.732
1,openmpMergeSortIterative,6,1,1048576,121.218
1,parallelMergeSortIterative,6,1,1048576,170.92
5,serialMergeSort,1,0,0,720.529
5,parallelMergeSort,6,1,1048576,1023147.039
5,openmpMergeSort,6,1,1048576,388061.927
5,openmpMergeSortIterative,6,1,1048576,327129.392
5,parallelMergeSortIterative,6,1,1048576,404614.443
10,serialMergeSort,1,0,0,1483.205
10,parallelMergeSort,6,1,1048576,2787995.401
10,openmpMergeSort,6,1,1048576,562224.05
10,openmpMergeSortIterative,6,1,1048576,440931.601
10,parallelMergeSortIterative,6,1,1048576,1258457.498
50,serialMergeSort,1,0,0,7139.125
50,parallelMergeSort,6,1,1048576,2027393.72
50,openmpMergeSort,6,1,1048576,596897.613
50,openmpMergeSortIterative,6,1,1048576,609321.839
50,parallelMergeSortIterative,6,1,1048576,2572091.33
100,serialMergeSort,1,0,0,14523.765
100,parallelMergeSort,6,1,1048576,3301937.592
100,openmpMergeSort,6,1,1048576,1602038.421
100,openmpMergeSortIterative,6,1,1048576,1039710.612
100,parallelMergeSortIterative,6,1,1048576,4859783.129
250,serialMergeSort,1,0,0,39079.033
250,parallelMergeSort,6,1,1048576,2635668.293
250,openmpMergeSort,6,1,1048576,1086947.27
250,openmpMergeSortIterative,6,1,1048576,789339.226
250,parallelMergeSortIterative,6,1,1048576,4061252.776
500,serialMergeSort,1,0,0,74657.725
500,parallelMergeSort,6,1,1048576,1368115.651
500,openmpMergeSort,6,1,1048576,585609.933
500,openmpMergeSortIterative,6,1,1048576,392522.965
500,parallelMergeSortIterative,6,1,1048576,3575558.248
750,serialMergeSort,1,0,0,119908.781
750,parallelMergeSort,6,1,1048576,2042853.142
750,openmpMergeSort,6,1,1048576,452926.907
750,openmpMergeSortIterative,6,1,1048576,386834.717
750,parallelMergeSortIterative,6,1,1048576,5433808.499
1000,serialMergeSort,1,0,0,161955.639
1000,parallelMergeSort,6,1,1048576,3347345.649
1000,openmpMergeSort,6,1,1048576,586287.378
1000,openmpMergeSortIterative,6,1,1048576,877797.854
1000,parallelMergeSortIterative,6,1,1048576,4876655.372
1,serialMergeSort,1,0,0,70.257
1,parallelMergeSort,6,1,1048576,125.191
1,openmpMergeSort,6,1,1048576,368345.34
1,openmpMergeSortIterative,6,1,1048576,165.097
1,parallelMergeSortIterative,6,1,1048576,140.353
5,serialMergeSort,1,0,0,751.627
5,parallelMergeSort,6,1,1048576,1174647.814
5,openmpMergeSort,6,1,1048576,374197.21
5,openmpMergeSortIterative,6,1,1048576,327760.267
5,parallelMergeSortIterative,6,1,1048576,405181.136
10,serialMergeSort,1,0,0,1523.951
10,parallelMergeSort,6,1,1048576,1655557.529
10,openmpMergeSort,6,1,1048576,418875.328
10,openmpMergeSortIterative,6,1,1048576,392904.839
10,parallelMergeSortIterative,6,1,1048576,1504579.978
50,serialMergeSort,1,0,0,7686.652
50,parallelMergeSort,6,1,1048576,2641358.05
50,openmpMergeSort,6,1,1048576,1050327.068
50,openmpMergeSortIterative,6,1,1048576,1391915.987
50,parallelMergeSortIterative,6,1,1048576,1713009.921
100,serialMergeSort,1,0,0,14483.241
100,parallelMergeSort,6,1,1048576,2968620.237
100,openmpMergeSort,6,1,1048576,1497235.894
100,openmpMergeSortIterative,6,1,1048576,396494.888
100,parallelMergeSortIterative,6,1,1048576,2662589.03
250,serialMergeSort,1,0,0,37647.626
250,parallelMergeSort,6,1,1048576,2232853.156
250,openmpMergeSort,6,1,1048576,2599415.703
250,openmpMergeSortIterative,6,1,1048576,1594028.771
250,parallelMergeSortIterative,6,1,1048576,4292378.757
500,serialMergeSort,1,0,0,76863.833
500,parallelMergeSort,6,1,1048576,5338218.669
500,openmpMergeSort,6,1,1048576,1328883.171
500,openmpMergeSortIterative,6,1,1048576,1648146.431
500,parallelMergeSortIterative,6,1,1048576,3919504.095
750,serialMergeSort,1,0,0,124599.064
750,parallelMergeSort,6,1,1048576,2389942.679
750,openmpMergeSort,6,1,1048576,1246180.931
750,openmpMergeSortIterative,6,1,1048576,755427.146
750,parallelMergeSortIterative,6,1,1048576,6395085.575
1000,serialMergeSort,1,0,0,180109.998
1000,parallelMergeSort,6,1,1048576,4550002.976
1000,openmpMergeSort,6,1,1048576,473026.497
1000,openmpMergeSortIterative,6,1,1048576,408540.65
1000,parallelMergeSortIterative,6,1,1048576,7648939.009
1,serialMergeSort,1,0,0,69.913
1,parallelMergeSort,6,1,1048576,125.13
1,openmpMergeSort,6,1,1048576,285985.963
1,openmpMergeSortIterative,6,1,1048576,123.187
1,parallelMergeSortIterative,6,1,1048576,141.824
5,serialMergeSort,1,0,0,722.374
5,parallelMergeSort,6,1,1048576,484205.183
5,openmpMergeSort,6,1,1048576,404304.489
5,openmpMergeSortIterative,6,1,1048576,356103.55
5,parallelMergeSortIterative,6,1,1048576,399811.687
10,serialMergeSort,1,0,0,1465.011
10,parallelMergeSort,6,1,1048576,2646128.374
10,openmpMergeSort,6,1,1048576,455424.93
10,openmpMergeSortIterative,6,1,1048576,388331.97
10,parallelMergeSortIterative,6,1,1048576,696176.974
50,serialMergeSort,1,0,0,7062.773
50,parallelMergeSort,6,1,1048576,3968220.091
50,openmpMergeSort,6,1,1048576,443349.374
50,openmpMergeSortIterative,6,1,1048576,423985.808
50,parallelMergeSortIterative,6,1,1048576,1985451.828
100,serialMergeSort,1,0,0,14217.002
100,parallelMergeSort,6,1,1048576,5217414.172
100,openmpMergeSort,6,1,1048576,431720.624
100,openmpMergeSortIterative,6,1,1048576,365358.972
100,parallelMergeSortIterative,6,1,1048576,6143944.794
250,serialMergeSort,1,0,0,37550.611
250,parallelMergeSort,6,1,1048576,2856426.54
250,openmpMergeSort,6,1,1048576,446135.138
250,openmpMergeSortIterative,6,1,1048576,345349.41
250,parallelMergeSortIterative,6,1,1048576,4472600.081
500,serialMergeSort,1,0,0,75570.093
500,parallelMergeSort,6,1,1048576,3424143.797
500,openmpMergeSort,6,1,1048576,455834.661
500,openmpMergeSortIterative,6,1,1048576,337979.868
500,parallelMergeSortIterative,6,1,1048576,4344809.273
750,serialMergeSort,1,0,0,117612.428
750,parallelMergeSort,6,1,1048576,2990809.128
750,openmpMergeSort,6,1,1048576,430771.923
750,openmpMergeSortIterative,6,1,1048576,423157.357
750,parallelMergeSortIterative,6,1,1048576,5171985.358
1000,serialMergeSort,1,0,0,159418.456
1000,parallelMergeSort,6,1,1048576,1567570.892
1000,openmpMergeSort,6,1,1048576,489807.753
1000,openmpMergeSortIterative,6,1,1048576,425805.005
1000,parallelMergeSortIterative,6,1,1048576,9449322.406
1,serialMergeSort,1,0,0,68.598
1,parallelMergeSort,6,1,1048576,178.777
1,openmpMergeSort,6,1,1048576,341974.766
1,openmpMergeSortIterative,6,1,1048576,120.976
1,parallelMergeSortIterative,6,1,1048576,158.402
1,tholderMergeSortIterative,6,1,1048576,132.579
5,serialMergeSort,1,0,0,766.025
5,parallelMergeSort,6,1,1048576,1487016.977
5,openmpMergeSort,6,1,1048576,363329.238
5,openmpMergeSortIterative,6,1,1048576,361883.516
5,parallelMergeSortIterative,6,1,1048576,694055.098
5,tholderMergeSortIterative,6,1,1048576,398113.837
10,serialMergeSort,1,0,0,1457.482
10,parallelMergeSort,6,1,1048576,2535093.211
10,openmpMergeSort,6,1,1048576,429586.732
10,openmpMergeSortIterative,6,1,1048576,334380.64
10,parallelMergeSortIterative,6,1,1048576,1888757.85
10,tholderMergeSortIterative,6,1,1048576,646794.638
50,serialMergeSort,1,0,0,7190.212
50,parallelMergeSort,6,1,1048576,2594046.879
50,openmpMergeSort,6,1,1048576,459399.832
50,openmpMergeSortIterative,6,1,1048576,319651.032
50,parallelMergeSortIterative,6,1,1048576,3947813.427
50,tholderMergeSortIterative,6,1,1048576,2943134.939
100,serialMergeSort,1,0,0,14281.505
100,parallelMergeSort,6,1,1048576,3619753.773
100,openmpMergeSort,6,1,1048576,477005.706
100,openmpMergeSortIterative,6,1,1048576,275395.199
100,parallelMergeSortIterative,6,1,1048576,4662703.899
100,tholderMergeSortIterative,6,1,1048576,2907631.922
250,serialMergeSort,1,0,0,37191.764
250,parallelMergeSort,6,1,1048576,1397982.585
250,openmpMergeSort,6,1,1048576,457875.56
250,openmpMergeSortIterative,6,1,1048576,346555.913
250,parallelMergeSortIterative,6,1,1048576,4957998.388
250,tholderMergeSortIterative,6,1,1048576,2267079.933
500,serialMergeSort,1,0,0,74811.506
500,parallelMergeSort,6,1,1048576,3542423.4
500,openmpMergeSort,6,1,1048576,434611.615
500,openmpMergeSortIterative,6,1,1048576,386695.826
500,parallelMergeSortIterative,6,1,1048576,6761647.865
500,tholderMergeSortIterative,6,1,1048576,8106356.821
750,serialMergeSort,1,0,0,117416.06
750,parallelMergeSort,6,1,1048576,2109964.227
750,openmpMergeSort,6,1,1048576,453123.031
750,openmpMergeSortIterative,6,1,1048576,397088.968
750,parallelMergeSortIterative,6,1,1048576,1867009.479
750,tholderMergeSortIterative,6,1,1048576,5675745.096
1000,serialMergeSort,1,0,0,158858.757
1000,parallelMergeSort,6,1,1048576,1569995.6
1000,openmpMergeSort,6,1,1048576,468189.559
1000,openmpMergeSortIterative,6,1,1048576,412812.527
1000,parallelMergeSortIterative,6,1,1048576,1942411.353
1000,tholderMergeSortIterative,6,1,1048576,4663722.434
1,serialMergeSort,1,0,0,68.392
1,parallelMergeSort,6,1,1048576,125.479
1,openmpMergeSort,6,1,1048576,331670.15
1,openmpMergeSortIterative,6,1,1048576,120.101
1,parallelMergeSortIterative,6,1,1048576,130.528
1,tholderMergeSortIterative,6,1,1048576,129.312
5,serialMergeSort,1,0,0,716.056
5,parallelMergeSort,6,1,1048576,821731.389
5,openmpMergeSort,6,1,1048576,498524.804
5,openmpMergeSortIterative,6,1,1048576,303553.079
5,parallelMergeSortIterative,6,1,1048576,404939.029
5,tholderMergeSortIterative,6,1,1048576,868514.537
10,serialMergeSort,1,0,0,1451.672
10,parallelMergeSort,6,1,1048576,2824823.262
10,openmpMergeSort,6,1,1048576,414164.352
10,openmpMergeSortIterative,6,1,1048576,306252.512
10,parallelMergeSortIterative,6,1,1048576,2639222.767
10,tholderMergeSortIterative,6,1,1048576,644942.023
50,serialMergeSort,1,0,0,7241.195
50,parallelMergeSort,6,1,1048576,2122615.677
50,openmpMergeSort,6,1,1048576,403150.542
50,openmpMergeSortIterative,6,1,1048576,386230.936
50,parallelMergeSortIterative,6,1,1048576,2861632.917
50,tholderMergeSortIterative,6,1,1048576,2462384.733
100,serialMergeSort,1,0,0,14112.946
100,parallelMergeSort,6,1,1048576,2861145.025
100,openmpMergeSort,6,1,1048576,398363.286
100,openmpMergeSortIterative,6,1,1048576,432775.57
100,parallelMergeSortIterative,6,1,1048576,4517505.833
100,tholderMergeSortIterative,6,1,1048576,3710147.822
250,serialMergeSort,1,0,0,37472.652
250,parallelMergeSort,6,1,1048576,3629626.087
250,openmpMergeSort,6,1,1048576,462725.854
250,openmpMergeSortIterative,6,1,1048576,395052.723
250,parallelMergeSortIterative,6,1,1048576,3581876.623
250,tholderMergeSortIterative,6,1,1048576,5273053.452
500,serialMergeSort,1,0,0,74604.146
500,parallelMergeSort,6,1,1048576,1407377.009
500,openmpMergeSort,6,1,1048576,406181.527
500,openmpMergeSortIterative,6,1,1048576,358380.343
500,parallelMergeSortIterative,6,1,1048576,6683571.607
500,tholderMergeSortIterative,6,1,1048576,5014465.998
750,serialMergeSort,1,0,0,118685.16
750,parallelMergeSort,6,1,1048576,3450137.727
750,openmpMergeSort,6,1,1048576,470924.203
750,openmpMergeSortIterative,6,1,1048576,449943.635
750,parallelMergeSortIterative,6,1,1048576,4281077.618
750,tholderMergeSortIterative,6,1,1048576,3103807.775
1000,serialMergeSort,1,0,0,164990.062
1000,parallelMergeSort,6,1,1048576,3610970.382
1000,openmpMergeSort,6,1,1048576,459481.983
1000,openmpMergeSortIterative,6,1,1048576,330413.25
1000,parallelMergeSortIterative,6,1,1048576,3817075.483
1000,tholderMergeSortIterative,6,1,1048576,5036846.328
1,serialMergeSort,1,0,0,69.014
1,parallelMergeSort,6,1,1048576,150.162
1,openmpMergeSort,6,1,1048576,417896.473
1,openmpMergeSortIterative,6,1,1048576,119.609
1,parallelMergeSortIterative,6,1,1048576,129.586
1,tholderMergeSortIterative,6,1,1048576,155.505
3,serialMergeSort,1,0,0,458.847
3,parallelMergeSort,6,1,1048576,300748.741
3,openmpMergeSort,6,1,1048576,402943.561
3,openmpMergeSortIterative,6,1,1048576,380808.105
3,parallelMergeSortIterative,6,1,1048576,294008.63
3,tholderMergeSortIterative,6,1,1048576,282999.887
5,serialMergeSort,1,0,0,713.236
5,parallelMergeSort,6,1,1048576,500223.56
5,openmpMergeSort,6,1,1048576,373732.808
5,openmpMergeSortIterative,6,1,1048576,357510.094
5,parallelMergeSortIterative,6,1,1048576,411288.261
5,tholderMergeSortIterative,6,1,1048576,898011.329
7,serialMergeSort,1,0,0,1052.944
7,parallelMergeSort,6,1,1048576,2302946.55
7,openmpMergeSort,6,1,1048576,418690.504
7,openmpMergeSortIterative,6,1,1048576,425660.509
7,parallelMergeSortIterative,6,1,1048576,431210.056
7,tholderMergeSortIterative,6,1,1048576,427755.537
10,serialMergeSort,1,0,0,1498.444
10,parallelMergeSort,6,1,1048576,3133963.232
10,openmpMergeSort,6,1,1048576,422439.674
10,openmpMergeSortIterative,6,1,1048576,411008.748
10,parallelMergeSortIterative,6,1,1048576,1186687.17
10,tholderMergeSortIterative,6,1,1048576,1641982.599
15,serialMergeSort,1,0,0,2228.454
15,parallelMergeSort,6,1,1048576,2470145.012
15,openmpMergeSort,6,1,1048576,499827.535
15,openmpMergeSortIterative,6,1,1048576,451600.778
15,parallelMergeSortIterative,6,1,1048576,3040825.212
15,tholderMergeSortIterative,6,1,1048576,1307556.083
20,serialMergeSort,1,0,0,2891.533
20,parallelMergeSort,6,1,1048576,2724445.433
20,openmpMergeSort,6,1,1048576,441201.459
20,openmpMergeSortIterative,6,1,1048576,347179.919
20,parallelMergeSortIterative,6,1,1048576,2142245.106
20,tholderMergeSortIterative,6,1,1048576,3191857.1
25,serialMergeSort,1,0,0,3650.776
25,parallelMergeSort,6,1,1048576,3173547.161
25,openmpMergeSort,6,1,1048576,478153.692
25,openmpMergeSortIterative,6,1,1048576,366098.983
25,parallelMergeSortIterative,6,1,1048576,2039248.866
25,tholderMergeSortIterative,6,1,1048576,2723251.045
30,serialMergeSort,1,0,0,4353.901
30,parallelMergeSort,6,1,1048576,2848527.283
30,openmpMergeSort,6,1,1048576,449519.737
30,openmpMergeSortIterative,6,1,1048576,327141.684
30,parallelMergeSortIterative,6,1,1048576,3169103.564
30,tholderMergeSortIterative,6,1,1048576,2104449.895
100,serialMergeSort,1,0,0,14197.62
100,parallelMergeSort,6,1,1048576,887552.57
100,openmpMergeSort,6,1,1048576,479608.47
100,openmpMergeSortIterative,6,1,1048576,513503.43
100,parallelMergeSortIterative,6,1,1048576,6403258.47
100,tholderMergeSortIterative,6,1,1048576,1009469.36
1000,serialMergeSort,1,0,0,165739.99
1000,parallelMergeSort,6,1,1048576,883093.5
1000,openmpMergeSort,6,1,1048576,526796.65
1000,openmpMergeSortIterative,6,1,1048576,559880.53
1000,parallelMergeSortIterative,6,1,1048576,1941917.95
1000,tholderMergeSortIterative,6,1,1048576,1282333.68
10000,serialMergeSort,1,0,0,1885356.17
10000,parallelMergeSort,6,1,1048576,6188381.07
10000,openmpMergeSort,6,1,1048576,1021566.92
10000,openmpMergeSortIterative,6,1,1048576,610033.91
10000,parallelMergeSortIterative,6,1,1048576,2792025.79
10000,tholderMergeSortIterative,6,1,1048576,8699256.47
100000,serialMergeSort,1,0,0,21452641.87
100000,parallelMergeSort,6,1,1048576,9328721.93
100000,openmpMergeSort,6,1,1048576,3474704.68
100000,openmpMergeSortIterative,6,1,1048576,2704573.72
100000,parallelMergeSortIterative,6,1,1048576,6940131.9
100000,tholderMergeSortIterative,6,1,1048576,15143471.3
1000000,serialMergeSort,1,0,0,240383967.62
1000000,parallelMergeSort,6,1,1048576,33737154.65
1000000,openmpMergeSort,6,1,1048576,36196487.27
1000000,openmpMergeSortIterative,6,1,1048576,26008238.36
1000000,parallelMergeSortIterative,6,1,1048576,34399126.24
1000000,tholderMergeSortIterative,6,1,1048576,31199620.73
10000000,serialMergeSort,1,0,0,2723471646.89
10000000,parallelMergeSort,6,1,1048576,319200653.52
10000000,openmpMergeSort,6,1,1048576,410210494.36
10000000,openmpMergeSortIterative,6,1,1048576,351802427.06
10000000,parallelMergeSortIterative,6,1,1048576,394403758.86
10000000,tholderMergeSortIterative,6,1,1048576,430943224.22
100,parallelMergeSort,6,1,1048576,5772650.92
100,openmpMergeSort,6,1,1048576,469083.72
100,openmpMergeSortIterative,6,1,1048576,443515.13
100,parallelMergeSortIterative,6,1,1048576,1336406.66
100,tholderMergeSortIterative,6,1,1048576,3799624.34
1000,parallelMergeSort,6,1,1048576,875928.18
1000,openmpMergeSort,6,1,1048576,545349.08
1000,openmpMergeSortIterative,6,1,1048576,522332.83
1000,parallelMergeSortIterative,6,1,1048576,3727710.3
1000,tholderMergeSortIterative,6,1,1048576,1209979.06
10000,parallelMergeSort,6,1,1048576,9103329.95
10000,openmpMergeSort,6,1,1048576,796251.45
10000,openmpMergeSortIterative,6,1,1048576,520856.26
10000,parallelMergeSortIterative,6,1,1048576,2948437.21
10000,tholderMergeSortIterative,6,1,1048576,1924719.2
100000,parallelMergeSort,6,1,1048576,3895358.45
100000,openmpMergeSort,6,1,1048576,3528798.98
100000,openmpMergeSortIterative,6,1,1048576,2388557.69
100000,parallelMergeSortIterative,6,1,1048576,6862716.99
100000,tholderMergeSortIterative,6,1,1048576,4882221.79
1000000,parallelMergeSort,6,1,1048576,33816061.13
1000000,openmpMergeSort,6,1,1048576,35705364.79
1000000,openmpMergeSortIterative,6,1,1048576,31992812.11
1000000,parallelMergeSortIterative,6,1,1048576,36002437.24
1000000,tholderMergeSortIterative,6,1,1048576,31956086.14
10000000,parallelMergeSort,6,1,1048576,319969919.15
10000000,openmpMergeSort,6,1,1048576,419993882.36
10000000,openmpMergeSortIterative,6,1,1048576,399685110.37
10000000,parallelMergeSortIterative,6,1,1048576,420730594.26
10000000,tholderMergeSortIterative,6,1,1048576,404064263.68
1,serialMergeSort,1,0,0,68.64
1,parallelMergeSort,6,1,1048576,129.01
1,openmpMergeSort,6,1,1048576,580105.38
1,openmpMergeSortIterative,6,1,1048576,121.9
1,parallelMergeSortIterative,6,1,1048576,137.36
1,tholderMergeSortIterative,6,1,1048576,131.85
2,serialMergeSort,1,0,0,294.38
2,parallelMergeSort,6,1,1048576,183768.49
2,openmpMergeSort,6,1,1048576,243707.29
2,openmpMergeSortIterative,6,1,1048576,380739.67
2,parallelMergeSortIterative,6,1,1048576,162693.68
2,tholderMergeSortIterative,6,1,1048576,164785.94
3,serialMergeSort,1,0,0,461.53
3,parallelMergeSort,6,1,1048576,305128.61
3,openmpMergeSort,6,1,1048576,524257.83
3,openmpMergeSortIterative,6,1,1048576,371700.77
3,parallelMergeSortIterative,6,1,1048576,304957.49
3,tholderMergeSortIterative,6,1,1048576,276541.22
4,serialMergeSort,1,0,0,602.16
4,parallelMergeSort,6,1,1048576,438304.89
4,openmpMergeSort,6,1,1048576,551345.34
4,openmpMergeSortIterative,6,1,1048576,548000.75
4,parallelMergeSortIterative,6,1,1048576,294503.14
4,tholderMergeSortIterative,6,1,1048576,297359.94
5,serialMergeSort,1,0,0,726.92
5,parallelMergeSort,6,1,1048576,1005305.21
5,openmpMergeSort,6,1,1048576,660088.64
5,openmpMergeSortIterative,6,1,1048576,369577.28
5,parallelMergeSortIterative,6,1,1048576,419054.07
5,tholderMergeSortIterative,6,1,1048576,398582.97
100,parallelMergeSort,6,1,1048576,1019812.7
100,openmpMergeSort,6,1,1048576,761138.1
100,openmpMergeSortIterative,6,1,1048576,1089250.4
100,parallelMergeSortIterative,6,1,1048576,1550512.1
100,tholderMergeSortIterative,6,1,1048576,974569.5
1000,parallelMergeSort,6,1,1048576,898875.8
1000,openmpMergeSort,6,1,1048576,1041903.4
1000,openmpMergeSortIterative,6,1,1048576,1091736.9
1000,parallelMergeSortIterative,6,1,1048576,2305955.7
1000,tholderMergeSortIterative,6,1,1048576,1436323.9
10000,parallelMergeSort,6,1,1048576,1061734.4
10000,openmpMergeSort,6,1,1048576,2056849.3
10000,openmpMergeSortIterative,6,1,1048576,387726.7
10000,parallelMergeSortIterative,6,1,1048576,3411299.1
10000,tholderMergeSortIterative,6,1,1048576,2397169.8
100000,parallelMergeSort,6,1,1048576,3656749.4
100000,openmpMergeSort,6,1,1048576,3946087.7
100000,openmpMergeSortIterative,6,1,1048576,4139839.8
100000,parallelMergeSortIterative,6,1,1048576,7411723.9
100000,tholderMergeSortIterative,6,1,1048576,39414975.6
1000000,parallelMergeSort,6,1,1048576,33476253.6
1000000,openmpMergeSort,6,1,1048576,40043912.4
1000000,openmpMergeSortIterative,6,1,1048576,25846735.3
1000000,parallelMergeSortIterative,6,1,1048576,33323537.0
1000000,tholderMergeSortIterative,6,1,1048576,31288667.2
10000000,parallelMergeSort,6,1,1048576,338438635.1
10000000,openmpMergeSort,6,1,1048576,411652979.1
10000000,openmpMergeSortIterative,6,1,1048576,375134515.3
10000000,parallelMergeSortIterative,6,1,1048576,403668257.9
10000000,tholderMergeSortIterative,6,1,1048576,437952534.0
100,serialMergeSort,1,0,0,13724.8
100,parallelMergeSort,6,1,1048576,1120212.0
100,openmpMergeSort,6,1,1048576,2047459.9
100,openmpMergeSortIterative,6,1,1048576,4172528.4
100,parallelMergeSortIterative,6,1,1048576,51806569.1
100,tholderMergeSortIterative,6,1,1048576,27955987.9
1000,serialMergeSort,1,0,0,159258.8
1000,parallelMergeSort,6,1,1048576,1158031.1
1000,openmpMergeSort,6,1,1048576,346247.2
1000,openmpMergeSortIterative,6,1,1048576,1512513.3
1000,parallelMergeSortIterative,6,1,1048576,1709572.9
1000,tholderMergeSortIterative,6,1,1048576,1122530.8
10000,serialMergeSort,1,0,0,1895593.6
10000,parallelMergeSort,6,1,1048576,1174467.9
10000,openmpMergeSort,6,1,1048576,918157.0
10000,openmpMergeSortIterative,6,1,1048576,389956.5
10000,parallelMergeSortIterative,6,1,1048576,3349954.5
10000,tholderMergeSortIterative,6,1,1048576,2292430.0
100000,serialMergeSort,1,0,0,21493872.3
100000,parallelMergeSort,6,1,1048576,4258885.6
100000,openmpMergeSort,6,1,1048576,5519914.9
100000,openmpMergeSortIterative,6,1,1048576,2623540.1
100000,parallelMergeSortIterative,6,1,1048576,7442236.1
100000,tholderMergeSortIterative,6,1,1048576,5673629.9
1000000,serialMergeSort,1,0,0,243907409.6
1000000,parallelMergeSort,6,1,1048576,32077756.4
1000000,openmpMergeSort,6,1,1048576,37504210.7
1000000,openmpMergeSortIterative,6,1,1048576,29314125.6
1000000,parallelMergeSortIterative,6,1,1048576,40815257.5
1000000,tholderMergeSortIterative,6,1,1048576,36357803.1
10000000,serialMergeSort,1,0,0,2735081985.4
10000000,parallelMergeSort,6,1,1048576,315692752.6
10000000,openmpMergeSort,6,1,1048576,405826184.2
10000000,openmpMergeSortIterative,6,1,1048576,361340463.6
10000000,parallelMergeSortIterative,6,1,1048576,370749015.0
10000000,tholderMergeSortIterative,6,1,1048576,370327411.0
100,parallelMergeSort,6,1,1048576,910546.85
100,openmpMergeSort,6,1,1048576,793955.55
100,openmpMergeSortIterative,6,1,1048576,615754.78
100,parallelMergeSortIterative,6,1,1048576,7419205.9
100,tholderMergeSortIterative,6,1,1048576,2692399.01
1000,parallelMergeSort,6,1,1048576,894549.85
1000,openmpMergeSort,6,1,1048576,728054.18
1000,openmpMergeSortIterative,6,1,1048576,762691.48
1000,parallelMergeSortIterative,6,1,1048576,2781759.61
1000,tholderMergeSortIterative,6,1,1048576,1307860.34
10000,parallelMergeSort,6,1,1048576,9633014.18
10000,openmpMergeSort,6,1,1048576,812570.27
10000,openmpMergeSortIterative,6,1,1048576,547652.49
10000,parallelMergeSortIterative,6,1,1048576,2796227.18
10000,tholderMergeSortIterative,6,1,1048576,9396039.99
100000,parallelMergeSort,6,1,1048576,13995322.7
100000,openmpMergeSort,6,1,1048576,3583243.58
100000,openmpMergeSortIterative,6,1,1048576,2600803.6
100000,parallelMergeSortIterative,6,1,1048576,6810940.91
100000,tholderMergeSortIterative,6,1,1048576,4816255.77
1000000,parallelMergeSort,6,1,1048576,42351239.39
1000000,openmpMergeSort,6,1,1048576,43792028.39
1000000,openmpMergeSortIterative,6,1,1048576,27452136.27
1000000,parallelMergeSortIterative,6,1,1048576,41459279.9
1000000,tholderMergeSortIterative,6,1,1048576,31350693.81
10000000,parallelMergeSort,6,1,1048576,323273739.85
10000000,openmpMergeSort,6,1,1048576,409937531.56
10000000,openmpMergeSortIterative,6,1,1048576,353215351.76
10000000,parallelMergeSortIterative,6,1,1048576,383354731.21
10000000,tholderMergeSortIterative,6,1,1048576,385837055.17
100,serialMergeSort,1,0,0,14772.88
100,parallelMergeSort,6,1,1048576,8828121.52
100,openmpMergeSort,6,1,1048576,445039.76
100,openmpMergeSortIterative,6,1,1048576,579217.58
100,parallelMergeSortIterative,6,1,1048576,6430910.23
100,tholderMergeSortIterative,6,1,1048576,1044769.64
250,serialMergeSort,1,0,0,37879.21
250,parallelMergeSort,6,1,1048576,7789540.21
250,openmpMergeSort,6,1,1048576,471422.51
250,openmpMergeSortIterative,6,1,1048576,359499.1
250,parallelMergeSortIterative,6,1,1048576,1540759.63
250,tholderMergeSortIterative,6,1,1048576,7619883.51
500,serialMergeSort,1,0,0,82215.37
500,parallelMergeSort,6,1,1048576,968648.15
500,openmpMergeSort,6,1,1048576,543097.66
500,openmpMergeSortIterative,6,1,1048576,356845.41
500,parallelMergeSortIterative,6,1,1048576,11873643.55
500,tholderMergeSortIterative,6,1,1048576,1176462.39
750,serialMergeSort,1,0,0,122538.6
750,parallelMergeSort,6,1,1048576,868122.6
750,openmpMergeSort,6,1,1048576,416991.07
750,openmpMergeSortIterative,6,1,1048576,382382.04
750,parallelMergeSortIterative,6,1,1048576,1953350.74
750,tholderMergeSortIterative,6,1,1048576,1284897.46
1000,serialMergeSort,1,0,0,166125.63
1000,parallelMergeSort,6,1,1048576,957163.05
1000,openmpMergeSort,6,1,1048576,650111.74
1000,openmpMergeSortIterative,6,1,1048576,309158.88
1000,parallelMergeSortIterative,6,1,1048576,2050404.49
1000,tholderMergeSortIterative,6,1,1048576,6420167.53
1500,serialMergeSort,1,0,0,249400.82
1500,parallelMergeSort,6,1,1048576,2671736.21
1500,openmpMergeSort,6,1,1048576,473671.08
1500,openmpMergeSortIterative,6,1,1048576,363274.31
1500,parallelMergeSortIterative,6,1,1048576,2176917.67
1500,tholderMergeSortIterative,6,1,1048576,10703970.85
2000,serialMergeSort,1,0,0,333364.66
2000,parallelMergeSort,6,1,1048576,931213.19
2000,openmpMergeSort,6,1,1048576,545647.28
2000,openmpMergeSortIterative,6,1,1048576,565724.4
2000,parallelMergeSortIterative,6,1,1048576,8100915.07
2000,tholderMergeSortIterative,6,1,1048576,6487040.87
3000,serialMergeSort,1,0,0,523923.65
3000,parallelMergeSort,6,1,1048576,979695.82
3000,openmpMergeSort,6,1,1048576,565304.61
3000,openmpMergeSortIterative,6,1,1048576,653209.75
3000,parallelMergeSortIterative,6,1,1048576,6317877.1
3000,tholderMergeSortIterative,6,1,1048576,7536350.0
4000,serialMergeSort,1,0,0,704096.49
4000,parallelMergeSort,6,1,1048576,6112978.93
4000,openmpMergeSort,6,1,1048576,498216.08
4000,openmpMergeSortIterative,6,1,1048576,410221.48
4000,parallelMergeSortIterative,6,1,1048576,2527908.32
4000,tholderMergeSortIterative,6,1,1048576,1543591.25
7000,serialMergeSort,1,0,0,1282728.94
7000,parallelMergeSort,6,1,1048576,6111006.36
7000,openmpMergeSort,6,1,1048576,699747.01
7000,openmpMergeSortIterative,6,1,1048576,711247.42
7000,parallelMergeSortIterative,6,1,1048576,2708052.49
7000,tholderMergeSortIterative,6,1,1048576,11845740.13
10000,serialMergeSort,1,0,0,1876427.85
10000,parallelMergeSort,6,1,1048576,2235911.07
10000,openmpMergeSort,6,1,1048576,636620.33
10000,openmpMergeSortIterative,6,1,1048576,677558.22
10000,parallelMergeSortIterative,6,1,1048576,11967626.63
10000,tholderMergeSortIterative,6,1,1048576,1854086.28
100,serialMergeSort,1,0,0,14672.03
100,parallelMergeSort,6,1,1048576,4573362.7
100,openmpMergeSort,6,1,1048576,461635.5
100,openmpMergeSortIterative,6,1,1048576,521118.68
100,parallelMergeSortIterative,6,1,1048576,1353296.45
100,tholderMergeSortIterative,6,1,1048576,8871914.49
100,serialMergeSortIterative,6,1,1048576,390.96
250,serialMergeSort,1,0,0,36159.16
250,parallelMergeSort,6,1,1048576,5319404.4
250,openmpMergeSort,6,1,1048576,476047.3
250,openmpMergeSortIterative,6,1,1048576,435716.51
250,parallelMergeSortIterative,6,1,1048576,6571397.99
250,tholderMergeSortIterative,6,1,1048576,6159989.1
250,serialMergeSortIterative,6,1,1048576,379.85
500,serialMergeSort,1,0,0,69699.94
500,parallelMergeSort,6,1,1048576,968065.94
500,openmpMergeSort,6,1,1048576,609241.41
500,openmpMergeSortIterative,6,1,1048576,530933.07
500,parallelMergeSortIterative,6,1,1048576,1722849.1
500,tholderMergeSortIterative,6,1,1048576,9691572.98
500,serialMergeSortIterative,6,1,1048576,392.33
750,serialMergeSort,1,0,0,99565.59
750,parallelMergeSort,6,1,1048576,957708.67
750,openmpMergeSort,6,1,1048576,408765.05
750,openmpMergeSortIterative,6,1,1048576,907992.18
750,parallelMergeSortIterative,6,1,1048576,6941026.33
750,tholderMergeSortIterative,6,1,1048576,1271507.22
750,serialMergeSortIterative,6,1,1048576,389.23
1000,serialMergeSort,1,0,0,139303.3
1000,parallelMergeSort,6,1,1048576,6019801.51
1000,openmpMergeSort,6,1,1048576,612200.86
1000,openmpMergeSortIterative,6,1,1048576,398700.11
1000,parallelMergeSortIterative,6,1,1048576,1935262.49
1000,tholderMergeSortIterative,6,1,1048576,1319659.67
1000,serialMergeSortIterative,6,1,1048576,383.31
1500,serialMergeSort,1,0,0,209881.22
1500,parallelMergeSort,6,1,1048576,7662263.52
1500,openmpMergeSort,6,1,1048576,487683.53
1500,openmpMergeSortIterative,6,1,1048576,368732.41
1500,parallelMergeSortIterative,6,1,1048576,2183843.94
1500,tholderMergeSortIterative,6,1,1048576,1332050.9
1500,serialMergeSortIterative,6,1,1048576,390.92
2000,serialMergeSort,1,0,0,280270.43
2000,parallelMergeSort,6,1,1048576,5074435.83
2000,openmpMergeSort,6,1,1048576,1336564.96
2000,openmpMergeSortIterative,6,1,1048576,547006.19
2000,parallelMergeSortIterative,6,1,1048576,2533200.55
2000,tholderMergeSortIterative,6,1,1048576,4803777.85
2000,serialMergeSortIterative,6,1,1048576,409.55
3000,serialMergeSort,1,0,0,431774.65
3000,parallelMergeSort,6,1,1048576,1482235.23
3000,openmpMergeSort,6,1,1048576,891679.62
3000,openmpMergeSortIterative,6,1,1048576,782024.84
3000,parallelMergeSortIterative,6,1,1048576,5845596.3
3000,tholderMergeSortIterative,6,1,1048576,1766607.44
3000,serialMergeSortIterative,6,1,1048576,408.72
4000,serialMergeSort,1,0,0,573076.73
4000,parallelMergeSort,6,1,1048576,971471.85
4000,openmpMergeSort,6,1,1048576,719237.99
4000,openmpMergeSortIterative,6,1,1048576,1023279.94
4000,parallelMergeSortIterative,6,1,1048576,11783001.92
4000,tholderMergeSortIterative,6,1,1048576,1495791.82
4000,serialMergeSortIterative,6,1,1048576,391.27
7000,serialMergeSort,1,0,0,1121352.67
7000,parallelMergeSort,6,1,1048576,1160551.69
7000,openmpMergeSort,6,1,1048576,1377322.62
7000,openmpMergeSortIterative,6,1,1048576,461255.7
7000,parallelMergeSortIterative,6,1,1048576,5434830.56
7000,tholderMergeSortIterative,6,1,1048576,11007991.85
7000,serialMergeSortIterative,6,1,1048576,394.86
10000,serialMergeSort,1,0,0,1509111.18
10000,parallelMergeSort,6,1,1048576,1273313.17
10000,openmpMergeSort,6,1,1048576,725607.81
10000,openmpMergeSortIterative,6,1,1048576,972970.44
10000,parallelMergeSortIterative,6,1,1048576,3649994.55
10000,tholderMergeSortIterative,6,1,1048576,7811314.17
10000,serialMergeSortIterative,6,1,1048576,439.32
